[
  { "id": 1, "priority": 1, "action": {"type": "block"}, "condition": {"urlFilter": "||youtube.com/get_midroll_info?*", "resourceTypes": ["xmlhttprequest"]} },
  { "id": 2, "priority": 1, "action": {"type": "block"}, "condition": {"urlFilter": "||googlesyndication.com/pagead/ads?*", "resourceTypes": ["script"]} },
  { "id": 3, "priority": 1, "action": {"type": "block"}, "condition": {"urlFilter": "*.twitch.tv/adseg/", "resourceTypes": ["media"]} },
  { "id": 4, "priority": 1, "action": {"type": "block"}, "condition": {"urlFilter": "*.twitch.tv/ads/*/manifest?*", "resourceTypes": ["xmlhttprequest"]} },
  { "id": 5, "priority": 1, "action": {"type": "block"}, "condition": {"urlFilter": "||static.adsafeprotected.com/*", "resourceTypes": ["script"]} }
]